                  epoch,         train/box_loss,         train/cls_loss,         train/dfl_loss,   metrics/precision(B),      metrics/recall(B),       metrics/mAP50(B),    metrics/mAP50-95(B),           val/box_loss,           val/cls_loss,           val/dfl_loss,                 lr/pg0,                 lr/pg1,                 lr/pg2
                      1,                 1.5417,                 1.7553,                 1.1502,                0.00121,                0.06667,                0.00066,                 0.0002,                    nan,                    nan,                    nan,             0.00054065,             0.00054065,             0.00054065
                      2,                  1.507,                 1.4233,                 1.1097,                0.00056,                0.03333,                0.00031,                  9e-05,                    nan,                    nan,                    nan,              0.0010909,              0.0010909,              0.0010909
                      3,                 1.4766,                 1.4355,                 1.1237,                0.00205,                0.13333,                0.00152,                0.00054,                    nan,                    nan,                    nan,              0.0016356,              0.0016356,              0.0016356
                      4,                 1.5216,                 1.3548,                 1.1597,                0.00205,                0.13333,                0.00152,                0.00054,                    nan,                    nan,                    nan,              0.0016422,              0.0016422,              0.0016422
                      5,                 1.4945,                 1.3233,                 1.1117,                0.00205,                0.13333,                0.00152,                0.00054,                    nan,                    nan,                    nan,              0.0016422,              0.0016422,              0.0016422
                      6,                 1.4715,                 1.1917,                 1.1072,                0.00205,                0.13333,                0.00152,                0.00054,                    nan,                    nan,                    nan,               0.001634,               0.001634,               0.001634
                      7,                 1.5076,                 1.3148,                 1.1215,                0.00205,                0.13333,                0.00152,                0.00054,                    nan,                    nan,                    nan,              0.0016257,              0.0016257,              0.0016257
                      8,                 1.4983,                 1.3288,                 1.1226,                0.00205,                0.13333,                0.00152,                0.00054,                    nan,                    nan,                    nan,              0.0016175,              0.0016175,              0.0016175
                      9,                 1.4839,                 1.2347,                 1.1403,                0.00205,                0.13333,                0.00152,                0.00054,                    nan,                    nan,                    nan,              0.0016092,              0.0016092,              0.0016092
                     10,                 1.4241,                 1.1056,                 1.0768,                0.00205,                0.13333,                0.00152,                0.00054,                    nan,                    nan,                    nan,               0.001601,               0.001601,               0.001601
                     11,                 1.3629,                  1.008,                 1.0707,                0.00205,                0.13333,                0.00152,                0.00054,                    nan,                    nan,                    nan,              0.0015927,              0.0015927,              0.0015927
                     12,                 1.3347,                 1.0233,                 1.0697,                0.00205,                0.13333,                0.00152,                0.00054,                    nan,                    nan,                    nan,              0.0015845,              0.0015845,              0.0015845
                     13,                 1.3491,                0.96058,                 1.0696,                0.00205,                0.13333,                0.00152,                0.00054,                    nan,                    nan,                    nan,              0.0015762,              0.0015762,              0.0015762
                     14,                 1.3335,                0.94688,                  1.076,                0.00205,                0.13333,                0.00152,                0.00054,                    nan,                    nan,                    nan,               0.001568,               0.001568,               0.001568
                     15,                 1.3099,                 0.9453,                 1.0485,                0.00205,                0.13333,                0.00152,                0.00054,                    nan,                    nan,                    nan,              0.0015597,              0.0015597,              0.0015597
                     16,                 1.3151,                0.92094,                 1.0693,                0.00205,                0.13333,                0.00152,                0.00054,                    nan,                    nan,                    nan,              0.0015515,              0.0015515,              0.0015515
                     17,                 1.3507,                0.92556,                 1.0742,                0.00205,                0.13333,                0.00152,                0.00054,                    nan,                    nan,                    nan,              0.0015432,              0.0015432,              0.0015432
                     18,                  1.305,                0.90013,                  1.054,                0.00205,                0.13333,                0.00152,                0.00054,                    nan,                    nan,                    nan,               0.001535,               0.001535,               0.001535
                     19,                 1.3118,                0.92422,                 1.0468,                0.00205,                0.13333,                0.00152,                0.00054,                    nan,                    nan,                    nan,              0.0015267,              0.0015267,              0.0015267
                     20,                 1.3237,                0.87721,                 1.0676,                0.00205,                0.13333,                0.00152,                0.00054,                    nan,                    nan,                    nan,              0.0015185,              0.0015185,              0.0015185
                     21,                 1.2795,                0.84181,                 1.0363,                0.00205,                0.13333,                0.00152,                0.00054,                    nan,                    nan,                    nan,              0.0015102,              0.0015102,              0.0015102
                     22,                 1.2904,                0.86544,                 1.0514,                0.00205,                0.13333,                0.00152,                0.00054,                    nan,                    nan,                    nan,               0.001502,               0.001502,               0.001502
                     23,                 1.3189,                 0.8978,                  1.057,                0.00205,                0.13333,                0.00152,                0.00054,                    nan,                    nan,                    nan,              0.0014937,              0.0014937,              0.0014937
                     24,                 1.2597,                0.79838,                 1.0626,                0.00205,                0.13333,                0.00152,                0.00054,                    nan,                    nan,                    nan,              0.0014855,              0.0014855,              0.0014855
                     25,                 1.2526,                0.87416,                 1.0381,                0.00205,                0.13333,                0.00152,                0.00054,                    nan,                    nan,                    nan,              0.0014772,              0.0014772,              0.0014772
                     26,                 1.2836,                0.89488,                 1.0439,                0.00205,                0.13333,                0.00152,                0.00054,                    nan,                    nan,                    nan,               0.001469,               0.001469,               0.001469
                     27,                 1.2618,                0.89667,                 1.0402,                0.00205,                0.13333,                0.00152,                0.00054,                    nan,                    nan,                    nan,              0.0014607,              0.0014607,              0.0014607
                     28,                 1.2367,                0.82008,                 0.9988,                0.00205,                0.13333,                0.00152,                0.00054,                    nan,                    nan,                    nan,              0.0014525,              0.0014525,              0.0014525
                     29,                 1.1866,                0.79605,                 1.0156,                0.00205,                0.13333,                0.00152,                0.00054,                    nan,                    nan,                    nan,              0.0014442,              0.0014442,              0.0014442
                     30,                 1.2489,                0.78806,                0.99169,                0.00205,                0.13333,                0.00152,                0.00054,                    nan,                    nan,                    nan,               0.001436,               0.001436,               0.001436
                     31,                 1.1911,                0.82175,                 1.0318,                0.00205,                0.13333,                0.00152,                0.00054,                    nan,                    nan,                    nan,              0.0014277,              0.0014277,              0.0014277
                     32,                 1.1652,                0.77326,                 1.0025,                0.00205,                0.13333,                0.00152,                0.00054,                    nan,                    nan,                    nan,              0.0014195,              0.0014195,              0.0014195
                     33,                 1.2543,                0.80613,                 1.0359,                0.00205,                0.13333,                0.00152,                0.00054,                    nan,                    nan,                    nan,              0.0014112,              0.0014112,              0.0014112
                     34,                 1.1813,                0.78727,                 1.0126,                0.00205,                0.13333,                0.00152,                0.00054,                    nan,                    nan,                    nan,              0.0014029,              0.0014029,              0.0014029
                     35,                 1.1859,                0.78635,                 1.0029,                0.00205,                0.13333,                0.00152,                0.00054,                    nan,                    nan,                    nan,              0.0013947,              0.0013947,              0.0013947
                     36,                  1.212,                0.78245,                 1.0169,                0.00205,                0.13333,                0.00152,                0.00054,                    nan,                    nan,                    nan,              0.0013864,              0.0013864,              0.0013864
                     37,                 1.1919,                0.76759,                 1.0143,                0.00205,                0.13333,                0.00152,                0.00054,                    nan,                    nan,                    nan,              0.0013782,              0.0013782,              0.0013782
                     38,                 1.1825,                0.79122,                0.99966,                0.00205,                0.13333,                0.00152,                0.00054,                    nan,                    nan,                    nan,              0.0013699,              0.0013699,              0.0013699
                     39,                 1.1335,                0.74278,                0.97624,                0.00205,                0.13333,                0.00152,                0.00054,                    nan,                    nan,                    nan,              0.0013617,              0.0013617,              0.0013617
                     40,                 1.1418,                0.74081,                 1.0025,                0.00205,                0.13333,                0.00152,                0.00054,                    nan,                    nan,                    nan,              0.0013534,              0.0013534,              0.0013534
                     41,                 1.1726,                0.72664,                 1.0273,                0.00205,                0.13333,                0.00152,                0.00054,                    nan,                    nan,                    nan,              0.0013452,              0.0013452,              0.0013452
                     42,                 1.1436,                0.74376,                 0.9741,                0.00205,                0.13333,                0.00152,                0.00054,                    nan,                    nan,                    nan,              0.0013369,              0.0013369,              0.0013369
                     43,                 1.1094,                0.74405,                0.99143,                0.00205,                0.13333,                0.00152,                0.00054,                    nan,                    nan,                    nan,              0.0013287,              0.0013287,              0.0013287
                     44,                 1.1354,                 0.7103,                0.99288,                0.00205,                0.13333,                0.00152,                0.00054,                    nan,                    nan,                    nan,              0.0013204,              0.0013204,              0.0013204
                     45,                 1.0655,                 0.7388,                0.97117,                0.00205,                0.13333,                0.00152,                0.00054,                    nan,                    nan,                    nan,              0.0013122,              0.0013122,              0.0013122
                     46,                 1.0643,                0.66487,                0.97534,                0.00205,                0.13333,                0.00152,                0.00054,                    nan,                    nan,                    nan,              0.0013039,              0.0013039,              0.0013039
                     47,                 1.1661,                0.77483,                0.98855,                0.00205,                0.13333,                0.00152,                0.00054,                    nan,                    nan,                    nan,              0.0012957,              0.0012957,              0.0012957
                     48,                 1.0825,                0.69362,                0.97399,                0.00205,                0.13333,                0.00152,                0.00054,                    nan,                    nan,                    nan,              0.0012874,              0.0012874,              0.0012874
                     49,                 1.0713,                0.72585,                 0.9858,                0.00205,                0.13333,                0.00152,                0.00054,                    nan,                    nan,                    nan,              0.0012792,              0.0012792,              0.0012792
                     50,                 1.1103,                0.73279,                0.99019,                0.00205,                0.13333,                0.00152,                0.00054,                    nan,                    nan,                    nan,              0.0012709,              0.0012709,              0.0012709
                     51,                 1.0641,                0.74046,                0.98616,                0.00205,                0.13333,                0.00152,                0.00054,                    nan,                    nan,                    nan,              0.0012627,              0.0012627,              0.0012627
                     52,                   1.14,                0.73085,                 1.0063,                0.00205,                0.13333,                0.00152,                0.00054,                    nan,                    nan,                    nan,              0.0012544,              0.0012544,              0.0012544
                     53,                 1.0323,                0.70283,                0.98209,                0.00205,                0.13333,                0.00152,                0.00054,                    nan,                    nan,                    nan,              0.0012462,              0.0012462,              0.0012462
                     54,                 1.0708,                0.70021,                0.96912,                0.00205,                0.13333,                0.00152,                0.00054,                    nan,                    nan,                    nan,              0.0012379,              0.0012379,              0.0012379
                     55,                  1.125,                 0.6807,                0.97678,                0.00205,                0.13333,                0.00152,                0.00054,                    nan,                    nan,                    nan,              0.0012297,              0.0012297,              0.0012297
                     56,                 1.0649,                0.70933,                0.97308,                0.00205,                0.13333,                0.00152,                0.00054,                    nan,                    nan,                    nan,              0.0012214,              0.0012214,              0.0012214
                     57,                 1.1102,                0.69236,                0.96816,                0.00205,                0.13333,                0.00152,                0.00054,                    nan,                    nan,                    nan,              0.0012132,              0.0012132,              0.0012132
                     58,                 1.0443,                0.67637,                0.95035,                0.00205,                0.13333,                0.00152,                0.00054,                    nan,                    nan,                    nan,              0.0012049,              0.0012049,              0.0012049
                     59,                 1.0594,                0.64115,                 0.9439,                0.00205,                0.13333,                0.00152,                0.00054,                    nan,                    nan,                    nan,              0.0011967,              0.0011967,              0.0011967
                     60,                 1.0585,                0.66489,                0.96621,                0.00205,                0.13333,                0.00152,                0.00054,                    nan,                    nan,                    nan,              0.0011884,              0.0011884,              0.0011884
                     61,                 1.0535,                0.67903,                0.95639,                0.00205,                0.13333,                0.00152,                0.00054,                    nan,                    nan,                    nan,              0.0011802,              0.0011802,              0.0011802
                     62,                 1.1153,                0.70465,                 0.9686,                0.00205,                0.13333,                0.00152,                0.00054,                    nan,                    nan,                    nan,              0.0011719,              0.0011719,              0.0011719
                     63,                 1.0757,                0.67051,                0.97176,                0.00205,                0.13333,                0.00152,                0.00054,                    nan,                    nan,                    nan,              0.0011636,              0.0011636,              0.0011636
                     64,                 1.0847,                0.69974,                0.95503,                0.00205,                0.13333,                0.00152,                0.00054,                    nan,                    nan,                    nan,              0.0011554,              0.0011554,              0.0011554
                     65,                 1.0386,                0.66309,                0.96904,                0.00205,                0.13333,                0.00152,                0.00054,                    nan,                    nan,                    nan,              0.0011471,              0.0011471,              0.0011471
                     66,                 1.0763,                0.63031,                0.96349,                0.00205,                0.13333,                0.00152,                0.00054,                    nan,                    nan,                    nan,              0.0011389,              0.0011389,              0.0011389
                     67,                 1.0483,                0.67236,                0.95885,                0.00205,                0.13333,                0.00152,                0.00054,                    nan,                    nan,                    nan,              0.0011306,              0.0011306,              0.0011306
                     68,                 1.0632,                0.66706,                0.95906,                0.00205,                0.13333,                0.00152,                0.00054,                    nan,                    nan,                    nan,              0.0011224,              0.0011224,              0.0011224
                     69,                  1.044,                0.64177,                0.94186,                0.00205,                0.13333,                0.00152,                0.00054,                    nan,                    nan,                    nan,              0.0011141,              0.0011141,              0.0011141
                     70,                  1.053,                 0.6372,                0.95424,                0.00205,                0.13333,                0.00152,                0.00054,                    nan,                    nan,                    nan,              0.0011059,              0.0011059,              0.0011059
                     71,                 1.0445,                0.67517,                 0.9365,                0.00205,                0.13333,                0.00152,                0.00054,                    nan,                    nan,                    nan,              0.0010976,              0.0010976,              0.0010976
                     72,                 1.0572,                0.67312,                0.96332,                0.00205,                0.13333,                0.00152,                0.00054,                    nan,                    nan,                    nan,              0.0010894,              0.0010894,              0.0010894
                     73,                 1.0076,                0.63668,                0.93245,                0.00205,                0.13333,                0.00152,                0.00054,                    nan,                    nan,                    nan,              0.0010811,              0.0010811,              0.0010811
                     74,                 1.0976,                0.66358,                0.94276,                0.00205,                0.13333,                0.00152,                0.00054,                    nan,                    nan,                    nan,              0.0010729,              0.0010729,              0.0010729
                     75,                 1.0084,                0.60597,                0.95725,                0.00205,                0.13333,                0.00152,                0.00054,                    nan,                    nan,                    nan,              0.0010646,              0.0010646,              0.0010646
                     76,                0.99916,                 0.5751,                0.92965,                0.00205,                0.13333,                0.00152,                0.00054,                    nan,                    nan,                    nan,              0.0010564,              0.0010564,              0.0010564
                     77,                0.95795,                0.60691,                0.92871,                0.00205,                0.13333,                0.00152,                0.00054,                    nan,                    nan,                    nan,              0.0010481,              0.0010481,              0.0010481
                     78,                 1.0275,                0.66081,                0.93669,                0.00205,                0.13333,                0.00152,                0.00054,                    nan,                    nan,                    nan,              0.0010399,              0.0010399,              0.0010399
                     79,                0.99598,                0.63288,                0.94067,                0.00205,                0.13333,                0.00152,                0.00054,                    nan,                    nan,                    nan,              0.0010316,              0.0010316,              0.0010316
                     80,                 0.9636,                0.59682,                0.91687,                0.00205,                0.13333,                0.00152,                0.00054,                    nan,                    nan,                    nan,              0.0010234,              0.0010234,              0.0010234
                     81,                0.99296,                0.61127,                0.92749,                0.00205,                0.13333,                0.00152,                0.00054,                    nan,                    nan,                    nan,              0.0010151,              0.0010151,              0.0010151
                     82,                 0.9689,                0.60897,                0.94104,                0.00205,                0.13333,                0.00152,                0.00054,                    nan,                    nan,                    nan,              0.0010069,              0.0010069,              0.0010069
                     83,                 1.0155,                0.60648,                0.93097,                0.00205,                0.13333,                0.00152,                0.00054,                    nan,                    nan,                    nan,             0.00099862,             0.00099862,             0.00099862
                     84,                 1.0191,                0.63934,                0.92602,                0.00205,                0.13333,                0.00152,                0.00054,                    nan,                    nan,                    nan,             0.00099036,             0.00099036,             0.00099036
                     85,                 1.0021,                0.57097,                0.91906,                0.00205,                0.13333,                0.00152,                0.00054,                    nan,                    nan,                    nan,             0.00098211,             0.00098211,             0.00098211
                     86,                 1.0097,                0.64847,                0.93021,                0.00205,                0.13333,                0.00152,                0.00054,                    nan,                    nan,                    nan,             0.00097386,             0.00097386,             0.00097386
                     87,                0.99189,                0.63365,                0.93668,                0.00205,                0.13333,                0.00152,                0.00054,                    nan,                    nan,                    nan,             0.00096561,             0.00096561,             0.00096561
                     88,                0.97855,                0.62251,                0.91908,                0.00205,                0.13333,                0.00152,                0.00054,                    nan,                    nan,                    nan,             0.00095736,             0.00095736,             0.00095736
                     89,                0.94693,                0.59718,                0.93233,                0.00205,                0.13333,                0.00152,                0.00054,                    nan,                    nan,                    nan,             0.00094911,             0.00094911,             0.00094911
                     90,                0.98668,                0.59379,                0.94131,                0.00205,                0.13333,                0.00152,                0.00054,                    nan,                    nan,                    nan,             0.00094085,             0.00094085,             0.00094085
                     91,                  1.043,                0.58419,                0.92787,                0.00205,                0.13333,                0.00152,                0.00054,                    nan,                    nan,                    nan,              0.0009326,              0.0009326,              0.0009326
                     92,                0.99706,                0.58003,                0.92393,                0.00205,                0.13333,                0.00152,                0.00054,                    nan,                    nan,                    nan,             0.00092435,             0.00092435,             0.00092435
                     93,                0.98677,                0.58028,                0.92682,                0.00205,                0.13333,                0.00152,                0.00054,                    nan,                    nan,                    nan,              0.0009161,              0.0009161,              0.0009161
                     94,                0.96342,                0.59007,                0.92488,                0.00205,                0.13333,                0.00152,                0.00054,                    nan,                    nan,                    nan,             0.00090785,             0.00090785,             0.00090785
                     95,                 0.9454,                0.58789,                 0.8933,                0.00205,                0.13333,                0.00152,                0.00054,                    nan,                    nan,                    nan,              0.0008996,              0.0008996,              0.0008996
                     96,                0.98619,                 0.6301,                0.91572,                0.00205,                0.13333,                0.00152,                0.00054,                    nan,                    nan,                    nan,             0.00089134,             0.00089134,             0.00089134
                     97,                0.97102,                0.60849,                 0.9168,                0.00205,                0.13333,                0.00152,                0.00054,                    nan,                    nan,                    nan,             0.00088309,             0.00088309,             0.00088309
                     98,                0.94607,                0.59896,                0.93375,                0.00205,                0.13333,                0.00152,                0.00054,                    nan,                    nan,                    nan,             0.00087484,             0.00087484,             0.00087484
                     99,                0.93504,                0.54496,                0.90384,                0.00205,                0.13333,                0.00152,                0.00054,                    nan,                    nan,                    nan,             0.00086659,             0.00086659,             0.00086659
                    100,                0.95051,                0.58855,                0.91067,                0.00205,                0.13333,                0.00152,                0.00054,                    nan,                    nan,                    nan,             0.00085834,             0.00085834,             0.00085834
                    101,                0.99929,                0.60294,                 0.9353,                0.00205,                0.13333,                0.00152,                0.00054,                    nan,                    nan,                    nan,             0.00085009,             0.00085009,             0.00085009
                    102,                0.95159,                0.57966,                0.91514,                0.00205,                0.13333,                0.00152,                0.00054,                    nan,                    nan,                    nan,             0.00084184,             0.00084184,             0.00084184
                    103,                0.97256,                 0.5898,                0.91845,                0.00205,                0.13333,                0.00152,                0.00054,                    nan,                    nan,                    nan,             0.00083358,             0.00083358,             0.00083358
                    104,                0.91312,                0.56163,                0.90474,                0.00205,                0.13333,                0.00152,                0.00054,                    nan,                    nan,                    nan,             0.00082533,             0.00082533,             0.00082533
                    105,                0.89303,                0.53128,                0.90629,                0.00205,                0.13333,                0.00152,                0.00054,                    nan,                    nan,                    nan,             0.00081708,             0.00081708,             0.00081708
                    106,                0.88097,                0.55459,                0.91036,                0.00205,                0.13333,                0.00152,                0.00054,                    nan,                    nan,                    nan,             0.00080883,             0.00080883,             0.00080883
                    107,                 0.8933,                0.53452,                0.91656,                0.00205,                0.13333,                0.00152,                0.00054,                    nan,                    nan,                    nan,             0.00080058,             0.00080058,             0.00080058
                    108,                0.89191,                0.54811,                0.91011,                0.00205,                0.13333,                0.00152,                0.00054,                    nan,                    nan,                    nan,             0.00079233,             0.00079233,             0.00079233
                    109,                0.89596,                0.53966,                0.89602,                0.00205,                0.13333,                0.00152,                0.00054,                    nan,                    nan,                    nan,             0.00078407,             0.00078407,             0.00078407
                    110,                0.89342,                0.59376,                0.90672,                0.00205,                0.13333,                0.00152,                0.00054,                    nan,                    nan,                    nan,             0.00077582,             0.00077582,             0.00077582
                    111,                0.88992,                0.53783,                0.90563,                0.00205,                0.13333,                0.00152,                0.00054,                    nan,                    nan,                    nan,             0.00076757,             0.00076757,             0.00076757
                    112,                0.93156,                0.55202,                0.91072,                0.00205,                0.13333,                0.00152,                0.00054,                    nan,                    nan,                    nan,             0.00075932,             0.00075932,             0.00075932
                    113,                0.87814,                0.52331,                0.91071,                0.00205,                0.13333,                0.00152,                0.00054,                    nan,                    nan,                    nan,             0.00075107,             0.00075107,             0.00075107
                    114,                0.95738,                0.54016,                0.90524,                0.00205,                0.13333,                0.00152,                0.00054,                    nan,                    nan,                    nan,             0.00074282,             0.00074282,             0.00074282
                    115,                0.91454,                0.51979,                0.90792,                0.00205,                0.13333,                0.00152,                0.00054,                    nan,                    nan,                    nan,             0.00073456,             0.00073456,             0.00073456
                    116,                0.91472,                0.54523,                0.90289,                0.00205,                0.13333,                0.00152,                0.00054,                    nan,                    nan,                    nan,             0.00072631,             0.00072631,             0.00072631
                    117,                0.89745,                0.53474,                0.91717,                0.00205,                0.13333,                0.00152,                0.00054,                    nan,                    nan,                    nan,             0.00071806,             0.00071806,             0.00071806
                    118,                0.89126,                0.54481,                0.90848,                0.00205,                0.13333,                0.00152,                0.00054,                    nan,                    nan,                    nan,             0.00070981,             0.00070981,             0.00070981
                    119,                0.89855,                0.54626,                0.92178,                0.00205,                0.13333,                0.00152,                0.00054,                    nan,                    nan,                    nan,             0.00070156,             0.00070156,             0.00070156
                    120,                0.86588,                0.52046,                0.90145,                0.00205,                0.13333,                0.00152,                0.00054,                    nan,                    nan,                    nan,             0.00069331,             0.00069331,             0.00069331
                    121,                 0.9325,                0.54798,                 0.9036,                0.00205,                0.13333,                0.00152,                0.00054,                    nan,                    nan,                    nan,             0.00068505,             0.00068505,             0.00068505
                    122,                0.90223,                0.52537,                0.89925,                0.00205,                0.13333,                0.00152,                0.00054,                    nan,                    nan,                    nan,              0.0006768,              0.0006768,              0.0006768
                    123,                0.86809,                0.53907,                0.87817,                0.00205,                0.13333,                0.00152,                0.00054,                    nan,                    nan,                    nan,             0.00066855,             0.00066855,             0.00066855
                    124,                0.86487,                0.50671,                0.89568,                0.00205,                0.13333,                0.00152,                0.00054,                    nan,                    nan,                    nan,              0.0006603,              0.0006603,              0.0006603
                    125,                0.88496,                0.52426,                0.88579,                0.00205,                0.13333,                0.00152,                0.00054,                    nan,                    nan,                    nan,             0.00065205,             0.00065205,             0.00065205
                    126,                0.88934,                0.49556,                0.90553,                0.00205,                0.13333,                0.00152,                0.00054,                    nan,                    nan,                    nan,              0.0006438,              0.0006438,              0.0006438
                    127,                0.85698,                0.48727,                0.88353,                0.00205,                0.13333,                0.00152,                0.00054,                    nan,                    nan,                    nan,             0.00063554,             0.00063554,             0.00063554
                    128,                0.83037,                0.52819,                0.89228,                0.00205,                0.13333,                0.00152,                0.00054,                    nan,                    nan,                    nan,             0.00062729,             0.00062729,             0.00062729
                    129,                0.91034,                0.56954,                 0.9078,                0.00205,                0.13333,                0.00152,                0.00054,                    nan,                    nan,                    nan,             0.00061904,             0.00061904,             0.00061904
                    130,                0.89064,                0.51028,                 0.9067,                0.00205,                0.13333,                0.00152,                0.00054,                    nan,                    nan,                    nan,             0.00061079,             0.00061079,             0.00061079
                    131,                0.88636,                0.50723,                0.90079,                0.00205,                0.13333,                0.00152,                0.00054,                    nan,                    nan,                    nan,             0.00060254,             0.00060254,             0.00060254
                    132,                0.86504,                 0.5119,                0.89519,                0.00205,                0.13333,                0.00152,                0.00054,                    nan,                    nan,                    nan,             0.00059429,             0.00059429,             0.00059429
                    133,                0.92754,                0.54774,                0.89938,                0.00205,                0.13333,                0.00152,                0.00054,                    nan,                    nan,                    nan,             0.00058603,             0.00058603,             0.00058603
                    134,                0.85944,                 0.4981,                0.89676,                0.00205,                0.13333,                0.00152,                0.00054,                    nan,                    nan,                    nan,             0.00057778,             0.00057778,             0.00057778
                    135,                0.82071,                0.47937,                0.89602,                0.00205,                0.13333,                0.00152,                0.00054,                    nan,                    nan,                    nan,             0.00056953,             0.00056953,             0.00056953
                    136,                0.80679,                0.48278,                0.89515,                0.00205,                0.13333,                0.00152,                0.00054,                    nan,                    nan,                    nan,             0.00056128,             0.00056128,             0.00056128
                    137,                0.87367,                0.49073,                0.89257,                0.00205,                0.13333,                0.00152,                0.00054,                    nan,                    nan,                    nan,             0.00055303,             0.00055303,             0.00055303
                    138,                 0.8432,                 0.5063,                0.87893,                0.00205,                0.13333,                0.00152,                0.00054,                    nan,                    nan,                    nan,             0.00054478,             0.00054478,             0.00054478
                    139,                0.85104,                0.49881,                0.90085,                0.00205,                0.13333,                0.00152,                0.00054,                    nan,                    nan,                    nan,             0.00053652,             0.00053652,             0.00053652
                    140,                0.83493,                0.48448,                0.87788,                0.00205,                0.13333,                0.00152,                0.00054,                    nan,                    nan,                    nan,             0.00052827,             0.00052827,             0.00052827
                    141,                0.82514,                 0.4737,                0.89251,                0.00205,                0.13333,                0.00152,                0.00054,                    nan,                    nan,                    nan,             0.00052002,             0.00052002,             0.00052002
                    142,                 0.8059,                 0.4738,                0.88432,                0.00205,                0.13333,                0.00152,                0.00054,                    nan,                    nan,                    nan,             0.00051177,             0.00051177,             0.00051177
                    143,                0.83749,                0.47496,                0.89697,                0.00205,                0.13333,                0.00152,                0.00054,                    nan,                    nan,                    nan,             0.00050352,             0.00050352,             0.00050352
                    144,                0.86858,                 0.4934,                0.88032,                0.00205,                0.13333,                0.00152,                0.00054,                    nan,                    nan,                    nan,             0.00049527,             0.00049527,             0.00049527
                    145,                0.83013,                0.46424,                  0.888,                0.00205,                0.13333,                0.00152,                0.00054,                    nan,                    nan,                    nan,             0.00048701,             0.00048701,             0.00048701
                    146,                0.82095,                0.46782,                0.87482,                0.00205,                0.13333,                0.00152,                0.00054,                    nan,                    nan,                    nan,             0.00047876,             0.00047876,             0.00047876
                    147,                0.79829,                 0.4546,                0.87033,                0.00205,                0.13333,                0.00152,                0.00054,                    nan,                    nan,                    nan,             0.00047051,             0.00047051,             0.00047051
                    148,                0.84843,                0.48422,                0.88103,                0.00205,                0.13333,                0.00152,                0.00054,                    nan,                    nan,                    nan,             0.00046226,             0.00046226,             0.00046226
                    149,                0.83349,                 0.4799,                0.89369,                0.00205,                0.13333,                0.00152,                0.00054,                    nan,                    nan,                    nan,             0.00045401,             0.00045401,             0.00045401
                    150,                0.81104,                0.47475,                0.88339,                0.00205,                0.13333,                0.00152,                0.00054,                    nan,                    nan,                    nan,             0.00044576,             0.00044576,             0.00044576
                    151,                0.84465,                0.48048,                0.88254,                0.00205,                0.13333,                0.00152,                0.00054,                    nan,                    nan,                    nan,              0.0004375,              0.0004375,              0.0004375
                    152,                0.76289,                0.43741,                0.86959,                0.00205,                0.13333,                0.00152,                0.00054,                    nan,                    nan,                    nan,             0.00042925,             0.00042925,             0.00042925
                    153,                0.85124,                0.47708,                0.88229,                0.00205,                0.13333,                0.00152,                0.00054,                    nan,                    nan,                    nan,               0.000421,               0.000421,               0.000421
                    154,                0.82106,                0.47216,                 0.8828,                0.00205,                0.13333,                0.00152,                0.00054,                    nan,                    nan,                    nan,             0.00041275,             0.00041275,             0.00041275
                    155,                0.79303,                0.45539,                0.86626,                0.00205,                0.13333,                0.00152,                0.00054,                    nan,                    nan,                    nan,              0.0004045,              0.0004045,              0.0004045
                    156,                0.84898,                0.47294,                0.87871,                0.00205,                0.13333,                0.00152,                0.00054,                    nan,                    nan,                    nan,             0.00039625,             0.00039625,             0.00039625
                    157,                0.79989,                0.46042,                0.87571,                0.00205,                0.13333,                0.00152,                0.00054,                    nan,                    nan,                    nan,             0.00038799,             0.00038799,             0.00038799
                    158,                 0.7593,                0.43573,                0.87332,                0.00205,                0.13333,                0.00152,                0.00054,                    nan,                    nan,                    nan,             0.00037974,             0.00037974,             0.00037974
                    159,                0.78293,                0.44569,                  0.876,                0.00205,                0.13333,                0.00152,                0.00054,                    nan,                    nan,                    nan,             0.00037149,             0.00037149,             0.00037149
                    160,                0.78775,                0.46498,                  0.871,                0.00205,                0.13333,                0.00152,                0.00054,                    nan,                    nan,                    nan,             0.00036324,             0.00036324,             0.00036324
                    161,                0.78416,                0.47712,                0.87552,                0.00205,                0.13333,                0.00152,                0.00054,                    nan,                    nan,                    nan,             0.00035499,             0.00035499,             0.00035499
                    162,                 0.7677,                0.46344,                0.85372,                0.00205,                0.13333,                0.00152,                0.00054,                    nan,                    nan,                    nan,             0.00034674,             0.00034674,             0.00034674
                    163,                0.79829,                0.44927,                0.87333,                0.00205,                0.13333,                0.00152,                0.00054,                    nan,                    nan,                    nan,             0.00033848,             0.00033848,             0.00033848
                    164,                0.78084,                0.48372,                0.86893,                0.00205,                0.13333,                0.00152,                0.00054,                    nan,                    nan,                    nan,             0.00033023,             0.00033023,             0.00033023
                    165,                0.80171,                0.45625,                0.88441,                0.00205,                0.13333,                0.00152,                0.00054,                    nan,                    nan,                    nan,             0.00032198,             0.00032198,             0.00032198
                    166,                0.75277,                0.44267,                0.87379,                0.00205,                0.13333,                0.00152,                0.00054,                    nan,                    nan,                    nan,             0.00031373,             0.00031373,             0.00031373
                    167,                0.76113,                0.43326,                0.86713,                0.00205,                0.13333,                0.00152,                0.00054,                    nan,                    nan,                    nan,             0.00030548,             0.00030548,             0.00030548
                    168,                0.76926,                0.43687,                0.87924,                0.00205,                0.13333,                0.00152,                0.00054,                    nan,                    nan,                    nan,             0.00029723,             0.00029723,             0.00029723
                    169,                0.84955,                0.46944,                0.87801,                0.00205,                0.13333,                0.00152,                0.00054,                    nan,                    nan,                    nan,             0.00028897,             0.00028897,             0.00028897
                    170,                0.77633,                0.43785,                0.85601,                0.00205,                0.13333,                0.00152,                0.00054,                    nan,                    nan,                    nan,             0.00028072,             0.00028072,             0.00028072
                    171,                0.78535,                0.45947,                 0.8673,                0.00205,                0.13333,                0.00152,                0.00054,                    nan,                    nan,                    nan,             0.00027247,             0.00027247,             0.00027247
                    172,                0.76319,                0.44303,                0.86941,                0.00205,                0.13333,                0.00152,                0.00054,                    nan,                    nan,                    nan,             0.00026422,             0.00026422,             0.00026422
                    173,                0.75327,                0.43487,                0.86233,                0.00205,                0.13333,                0.00152,                0.00054,                    nan,                    nan,                    nan,             0.00025597,             0.00025597,             0.00025597
                    174,                0.74365,                0.42265,                0.86136,                0.00205,                0.13333,                0.00152,                0.00054,                    nan,                    nan,                    nan,             0.00024772,             0.00024772,             0.00024772
                    175,                0.72725,                0.41071,                0.87426,                0.00205,                0.13333,                0.00152,                0.00054,                    nan,                    nan,                    nan,             0.00023946,             0.00023946,             0.00023946
                    176,                0.76646,                0.42734,                0.87329,                0.00205,                0.13333,                0.00152,                0.00054,                    nan,                    nan,                    nan,             0.00023121,             0.00023121,             0.00023121
                    177,                  0.784,                0.44728,                0.87452,                0.00205,                0.13333,                0.00152,                0.00054,                    nan,                    nan,                    nan,             0.00022296,             0.00022296,             0.00022296
                    178,                0.74798,                0.42967,                0.87517,                0.00205,                0.13333,                0.00152,                0.00054,                    nan,                    nan,                    nan,             0.00021471,             0.00021471,             0.00021471
                    179,                0.77303,                 0.4521,                0.87166,                0.00205,                0.13333,                0.00152,                0.00054,                    nan,                    nan,                    nan,             0.00020646,             0.00020646,             0.00020646
                    180,                0.74331,                0.43134,                0.86993,                0.00205,                0.13333,                0.00152,                0.00054,                    nan,                    nan,                    nan,             0.00019821,             0.00019821,             0.00019821
                    181,                0.73136,                0.42959,                0.86389,                0.00205,                0.13333,                0.00152,                0.00054,                    nan,                    nan,                    nan,             0.00018995,             0.00018995,             0.00018995
                    182,                0.75297,                0.43665,                 0.8603,                0.00205,                0.13333,                0.00152,                0.00054,                    nan,                    nan,                    nan,              0.0001817,              0.0001817,              0.0001817
                    183,                0.72379,                0.41464,                0.85257,                0.00205,                0.13333,                0.00152,                0.00054,                    nan,                    nan,                    nan,             0.00017345,             0.00017345,             0.00017345
                    184,                0.75245,                0.43464,                0.86848,                0.00205,                0.13333,                0.00152,                0.00054,                    nan,                    nan,                    nan,              0.0001652,              0.0001652,              0.0001652
                    185,                0.74848,                0.42809,                 0.8657,                0.00205,                0.13333,                0.00152,                0.00054,                    nan,                    nan,                    nan,             0.00015695,             0.00015695,             0.00015695
                    186,                0.75096,                0.42002,                0.86875,                0.00205,                0.13333,                0.00152,                0.00054,                    nan,                    nan,                    nan,              0.0001487,              0.0001487,              0.0001487
                    187,                0.74049,                0.42294,                0.85117,                0.00205,                0.13333,                0.00152,                0.00054,                    nan,                    nan,                    nan,             0.00014044,             0.00014044,             0.00014044
                    188,                0.74752,                0.48214,                0.87311,                0.00205,                0.13333,                0.00152,                0.00054,                    nan,                    nan,                    nan,             0.00013219,             0.00013219,             0.00013219
                    189,                0.71962,                0.41085,                0.85138,                0.00205,                0.13333,                0.00152,                0.00054,                    nan,                    nan,                    nan,             0.00012394,             0.00012394,             0.00012394
                    190,                0.78268,                0.42732,                0.86459,                0.00205,                0.13333,                0.00152,                0.00054,                    nan,                    nan,                    nan,             0.00011569,             0.00011569,             0.00011569
                    191,                0.69012,                0.40166,                0.86826,                0.00205,                0.13333,                0.00152,                0.00054,                    nan,                    nan,                    nan,             0.00010744,             0.00010744,             0.00010744
                    192,                0.70986,                0.40336,                0.85571,                0.00205,                0.13333,                0.00152,                0.00054,                    nan,                    nan,                    nan,             9.9187e-05,             9.9187e-05,             9.9187e-05
                    193,                0.67738,                0.38734,                0.84713,                0.00205,                0.13333,                0.00152,                0.00054,                    nan,                    nan,                    nan,             9.0935e-05,             9.0935e-05,             9.0935e-05
                    194,                0.69414,                0.38638,                0.85623,                0.00205,                0.13333,                0.00152,                0.00054,                    nan,                    nan,                    nan,             8.2683e-05,             8.2683e-05,             8.2683e-05
                    195,                0.67935,                0.38283,                0.85222,                0.00205,                0.13333,                0.00152,                0.00054,                    nan,                    nan,                    nan,             7.4432e-05,             7.4432e-05,             7.4432e-05
                    196,                0.68032,                0.37505,                0.84204,                0.00205,                0.13333,                0.00152,                0.00054,                    nan,                    nan,                    nan,              6.618e-05,              6.618e-05,              6.618e-05
                    197,                0.67663,                0.38212,                 0.8297,                0.00205,                0.13333,                0.00152,                0.00054,                    nan,                    nan,                    nan,             5.7928e-05,             5.7928e-05,             5.7928e-05
                    198,                0.68901,                0.38934,                0.86122,                0.00205,                0.13333,                0.00152,                0.00054,                    nan,                    nan,                    nan,             4.9677e-05,             4.9677e-05,             4.9677e-05
                    199,                 0.7057,                0.39339,                0.85439,                0.00205,                0.13333,                0.00152,                0.00054,                    nan,                    nan,                    nan,             4.1425e-05,             4.1425e-05,             4.1425e-05
                    200,                0.67535,                0.37457,                0.84478,                0.00205,                0.13333,                0.00152,                0.00054,                    nan,                    nan,                    nan,             3.3173e-05,             3.3173e-05,             3.3173e-05
